Frame,Nose,EyeLeft,EyeRight,EarLeft,EarRight,ShoulderLeft,ShoulderRight,ElbowLeft,ElbowRight,WristLeft,WristRight,HipLeft,HipRight,KneeLeft,KneeRight,AnkleLeft,AnkleRight,ToesLeft,ToesRight,Spine,Spine1,Spine2,Spine3,LeftIndexFinger,ThumbLeft,PinkyLeft,RightIndexFinger,ThumbRight,PinkyRight,BigToeLeft,SmallToeLeft,BigToeRight,SmallToeRight,PlayerPosition,Nose_x,Nose_y,Nose_z,EyeLeft_x,EyeLeft_y,EyeLeft_z,EyeRight_x,EyeRight_y,EyeRight_z,EarLeft_x,EarLeft_y,EarLeft_z,EarRight_x,EarRight_y,EarRight_z,ShoulderLeft_x,ShoulderLeft_y,ShoulderLeft_z,ShoulderRight_x,ShoulderRight_y,ShoulderRight_z,ElbowLeft_x,ElbowLeft_y,ElbowLeft_z,ElbowRight_x,ElbowRight_y,ElbowRight_z,WristLeft_x,WristLeft_y,WristLeft_z,WristRight_x,WristRight_y,WristRight_z,HipLeft_x,HipLeft_y,HipLeft_z,HipRight_x,HipRight_y,HipRight_z,KneeLeft_x,KneeLeft_y,KneeLeft_z,KneeRight_x,KneeRight_y,KneeRight_z,AnkleLeft_x,AnkleLeft_y,AnkleLeft_z,AnkleRight_x,AnkleRight_y,AnkleRight_z,ToesLeft_x,ToesLeft_y,ToesLeft_z,ToesRight_x,ToesRight_y,ToesRight_z,Spine_x,Spine_y,Spine_z,Spine1_x,Spine1_y,Spine1_z,Spine2_x,Spine2_y,Spine2_z,Spine3_x,Spine3_y,Spine3_z,LeftIndexFinger_x,LeftIndexFinger_y,LeftIndexFinger_z,ThumbLeft_x,ThumbLeft_y,ThumbLeft_z,PinkyLeft_x,PinkyLeft_y,PinkyLeft_z,RightIndexFinger_x,RightIndexFinger_y,RightIndexFinger_z,ThumbRight_x,ThumbRight_y,ThumbRight_z,PinkyRight_x,PinkyRight_y,PinkyRight_z,BigToeLeft_x,BigToeLeft_y,BigToeLeft_z,SmallToeLeft_x,SmallToeLeft_y,SmallToeLeft_z,BigToeRight_x,BigToeRight_y,BigToeRight_z,SmallToeRight_x,SmallToeRight_y,SmallToeRight_z
0,0.01908213;1.583352;0.4302166,-0.01431639;1.615816;0.3953708,0.04516914;1.613521;0.3878738,-0.07115502;1.596082;0.3105639,0.07755886;1.590345;0.2918217,-0.1831506;1.405335;0.2672211,0.1796809;1.419968;0.1988617,-0.1760326;1.107873;0.4181789,0.2262475;1.24062;-0.07089619,-0.1109971;1.128083;0.6579365,0.2979444;1.001914;-0.0720533,-0.04060408;0.8548287;0.1412689,0.1250478;0.8696324;0.1758894,-0.06964729;0.4158952;0.001945987,0.1489639;0.5691692;0.5252696,-0.0704826;0.1566637;-0.2869263,0.1003629;0.4197494;0.1703601,-0.1140053;0.03009599;-0.1243785,0.198757;0.2256385;0.1802753,0.02927842;0.9816434;0.1694482,0.02062103;1.086113;0.1679355,0.01095332;1.202694;0.1723225,0.002869427;1.323781;0.1994241,0.01168057;1.180138;0.7491005,-0.06745507;1.191268;0.7411828,-0.08853427;1.120055;0.7567257,0.2762066;0.8477066;-0.02954297,0.3318021;0.9053505;-0.02359892,0.3434575;0.9148198;-0.09797479,-0.07098789;0.03575325;-0.1496733,-0.1472677;0.04087442;-0.1819324,0.1507054;0.2371573;0.171293,0.21559;0.2861909;0.1560881,0.04222184;0;0.1585792,-0.023139709999999997,1.583352,0.27163740000000003,-0.056538229999999995,1.615816,0.23679160000000002,0.002947300000000007,1.613521,0.2292946,-0.11337686,1.596082,0.1519847,0.03533702,1.590345,0.1332425,-0.22537244,1.405335,0.10864189999999999,0.13745906000000002,1.419968,0.0402825,-0.21825444,1.107873,0.2595997,0.18402565999999998,1.24062,-0.22947539,-0.15321894,1.128083,0.4993573,0.25572256,1.001914,-0.23063250000000002,-0.08282592,0.8548287,-0.0173103,0.08282595999999999,0.8696324,0.017310199999999998,-0.11186913,0.4158952,-0.156633213,0.10674206000000001,0.5691692,0.36669039999999997,-0.11270444,0.1566637,-0.4455055,0.05814106000000001,0.4197494,0.011780899999999983,-0.15622714,0.03009599,-0.2829577,0.15653516,0.2256385,0.021696099999999996,-0.012943419999999997,0.9816434,0.01086899999999999,-0.021600809999999998,1.086113,0.009356299999999984,-0.031268519999999994,1.202694,0.013743299999999986,-0.039352412999999996,1.323781,0.04084489999999999,-0.030541269999999995,1.180138,0.5905212999999999,-0.10967691,1.191268,0.5826036,-0.13075610999999998,1.120055,0.5981464999999999,0.23398476,0.8477066,-0.18812217,0.28958026,0.9053505,-0.18217812,0.30123566,0.9148198,-0.25655399,-0.11320973,0.03575325,-0.30825250000000004,-0.18948954,0.04087442,-0.3405116,0.10848355999999999,0.2371573,0.012713799999999997,0.17336816,0.2861909,-0.002491099999999996
1,0.05571895;1.595496;0.6348591,0.02238757;1.628588;0.6005433,0.08192202;1.62668;0.5933314,-0.03390539;1.610497;0.5150092,0.1149307;1.605729;0.4969794,-0.147616;1.423139;0.4966411,0.2064568;1.437707;0.394811,-0.1416081;1.130485;0.6556554,0.2399035;1.285081;0.1107439,-0.05595794;1.199593;0.8792843,0.3121963;1.047198;0.09320375,-0.004160851;0.8649256;0.3473039,0.1617526;0.8867083;0.3765706,-0.0407376;0.496547;0.07184717,0.2024197;0.6288028;0.7570277,-0.06300324;0.2341983;-0.2133305,0.1640117;0.3177865;0.5280238,-0.1112821;0.06984138;-0.1130363,0.2676975;0.1616229;0.6391007,0.06060059;0.9940757;0.377067,0.04797726;1.098144;0.3783166,0.03628082;1.214503;0.3835689,0.02992741;1.336114;0.4087159,0.07371508;1.275179;0.9387999,-0.006339528;1.281457;0.9397378,-0.02056313;1.214915;0.9733099,0.2797626;0.8931348;0.1288732,0.3404951;0.9454293;0.1339602,0.3480602;0.9582562;0.0595592,-0.06841004;0.07980013;-0.1372261,-0.144716;0.09808946;-0.1642149,0.219074;0.1661809;0.6273832,0.2820856;0.1987806;0.584812,0.07879584;0;0.3619373,-0.023076890000000003,1.595496,0.2729218,-0.05640827000000001,1.628588,0.23860599999999998,0.0031261799999999923,1.62668,0.23139409999999994,-0.11270123000000001,1.610497,0.15307189999999993,0.03613485999999999,1.605729,0.1350421,-0.22641184,1.423139,0.13470379999999998,0.12766096,1.437707,0.032873700000000006,-0.22040394,1.130485,0.2937181,0.16110765999999999,1.285081,-0.2511934,-0.13475378,1.199593,0.517347,0.23340045999999998,1.047198,-0.26873355,-0.082956691,0.8649256,-0.014633400000000019,0.08295675999999999,0.8867083,0.01463329999999996,-0.11953344,0.496547,-0.29009013,0.12362386,0.6288028,0.39509039999999995,-0.14179908000000002,0.2341983,-0.5752678,0.08521586,0.3177865,0.16608650000000003,-0.19007794,0.06984138,-0.4749736,0.18890165999999997,0.1616229,0.27716339999999995,-0.018195250000000003,0.9940757,0.015129699999999968,-0.030818580000000005,1.098144,0.016379299999999986,-0.04251502000000001,1.214503,0.021631599999999973,-0.048868430000000004,1.336114,0.046778600000000004,-0.005080760000000004,1.275179,0.5768626,-0.085135368,1.281457,0.5778004999999999,-0.09935897,1.214915,0.6113725999999999,0.20096675999999997,0.8931348,-0.23306410000000002,0.26169926,0.9454293,-0.22797710000000002,0.26926436,0.9582562,-0.30237810000000004,-0.14720588,0.07980013,-0.49916340000000003,-0.22351184000000002,0.09808946,-0.5261522000000001,0.14027815999999999,0.1661809,0.2654459,0.20328975999999999,0.1987806,0.22287469999999998
2,0.1092639;1.619459;0.8435612,0.07558154;1.652697;0.8097322,0.1351065;1.651322;0.8023237,0.01916743;1.635181;0.7241584,0.16798;1.631745;0.7056371,-0.0962383;1.44806;0.7198144,0.250909;1.462884;0.5963809,-0.09620222;1.153389;0.875394,0.2707799;1.315618;0.3095834,0.01068698;1.247973;1.079723,0.3384829;1.076734;0.2878301,0.02708377;0.8887447;0.5704998,0.1950507;0.9056623;0.5894526,-0.005702674;0.5621383;0.2462,0.2521834;0.617467;0.945256,-0.03500855;0.3306361;-0.0639562,0.215326;0.236702;0.8796158,-0.08007824;0.1256306;-0.112853,0.2978385;0.1455371;1.059539,0.09731711;1.015968;0.5958209,0.08745331;1.120335;0.5969848,0.07806454;1.236955;0.6008978,0.07446063;1.359238;0.6231676,0.1489841;1.324778;1.112053,0.06977855;1.337166;1.116751,0.05437206;1.280967;1.165346,0.3081352;0.9216072;0.3206058,0.3693785;0.9735136;0.3226106,0.3710209;0.9889271;0.248334,-0.0375316;0.1515961;-0.1190107,-0.1143265;0.1828847;-0.1220215,0.2505316;0.1469631;1.042736,0.3184515;0.1517263;0.9957286,0.1110672;0;0.5799763,-0.0018033000000000077,1.619459,0.2635849,-0.03548566,1.652697,0.2297559,0.024039299999999986,1.651322,0.22234739999999997,-0.09189977,1.635181,0.14418209999999998,0.056912799999999986,1.631745,0.12566080000000002,-0.2073055,1.44806,0.13983809999999997,0.1398418,1.462884,0.01640459999999999,-0.20726942,1.153389,0.2954177,0.1597127,1.315618,-0.2703929,-0.10038022,1.247973,0.4997467,0.22741569999999997,1.076734,-0.2921462,-0.08398343,0.8887447,-0.009476499999999999,0.08398349999999999,0.9056623,0.009476299999999993,-0.11676987400000001,0.5621383,-0.3337763,0.1411162,0.617467,0.3652797,-0.14607575,0.3306361,-0.6439325,0.10425879999999998,0.236702,0.29963949999999995,-0.19114544,0.1256306,-0.6928293,0.1867713,0.1455371,0.4795627,-0.013750090000000006,1.015968,0.015844599999999986,-0.02361389,1.120335,0.017008499999999982,-0.03300266,1.236955,0.020921500000000037,-0.036606570000000005,1.359238,0.043191300000000044,0.0379169,1.324778,0.5320767,-0.04128865000000001,1.337166,0.5367747,-0.056695140000000005,1.280967,0.5853697,0.197068,0.9216072,-0.2593705,0.2583113,0.9735136,-0.2573657,0.25995369999999995,0.9889271,-0.3316423,-0.1485988,0.1515961,-0.698987,-0.2253937,0.1828847,-0.7019978,0.13946440000000002,0.1469631,0.4627597000000001,0.2073843,0.1517263,0.41575229999999996
3,0.1567984;1.623667;1.046769,0.123023;1.657086;1.013213,0.1825676;1.656066;1.005905,0.0668521;1.64017;0.9273584,0.2157134;1.63762;0.9090884,-0.04974212;1.453993;0.9289367,0.2931793;1.463653;0.7925057,-0.05006166;1.150536;1.070207,0.3044084;1.30318;0.5119535,0.0760567;1.242345;1.264596,0.3679341;1.062624;0.4971344,0.06029328;0.893571;0.7902034,0.2292897;0.90708;0.8009735,0.03021513;0.5651958;0.467431,0.280427;0.5477261;1.085871,-0.008944154;0.4410254;0.1017846,0.2523089;0.1722939;1.180259,-0.05302422;0.2709689;-0.02698147,0.3130815;0.14596;1.387908,0.1344252;1.019799;0.8083881,0.126592;1.124335;0.8070571,0.1188787;1.241132;0.8087744,0.1172217;1.363771;0.8292425,0.2149214;1.318726;1.295467,0.1358494;1.33034;1.303327,0.1224142;1.272057;1.350016,0.3502069;0.9078677;0.539511,0.4081813;0.9630507;0.5329676,0.4014597;0.9748839;0.4583213,-0.01120658;0.2984766;-0.02286488,-0.08851616;0.3254042;-0.009313226,0.2675234;0.1434023;1.366927,0.3391932;0.1287848;1.328258,0.1447915;0;0.7955885,0.012006900000000015,1.623667,0.25118050000000003,-0.021768499999999996,1.657086,0.2176244999999999,0.03777610000000001,1.656066,0.21031650000000002,-0.07793939999999999,1.64017,0.1317699,0.07092190000000001,1.63762,0.11349989999999999,-0.19453362,1.453993,0.13334819999999992,0.1483878,1.463653,-0.003082800000000052,-0.19485316,1.150536,0.2746184999999999,0.15961690000000003,1.30318,-0.2836350000000001,-0.06873479999999998,1.242345,0.4690075,0.2231426,1.062624,-0.29845410000000006,-0.08449821999999999,0.893571,-0.0053851000000000315,0.08449820000000002,0.90708,0.005384999999999973,-0.11457636999999998,0.5651958,-0.32815750000000005,0.1356355,0.5477261,0.2902825,-0.153735654,0.4410254,-0.6938039,0.10751740000000001,0.1722939,0.3846704999999999,-0.19781571999999997,0.2709689,-0.82256997,0.16829000000000002,0.14596,0.5923194999999999,-0.010366299999999995,1.019799,0.012799600000000022,-0.01819949999999998,1.124335,0.01146859999999994,-0.025912799999999986,1.241132,0.013185899999999973,-0.02756979999999999,1.363771,0.03365399999999996,0.07012990000000002,1.318726,0.4998784999999999,-0.00894209999999998,1.33034,0.5077384999999999,-0.02237729999999999,1.272057,0.5544275000000001,0.2054154,0.9078677,-0.25607750000000007,0.2633898,0.9630507,-0.26262090000000005,0.2566682,0.9748839,-0.33726720000000004,-0.15599807999999998,0.2984766,-0.81845338,-0.23330765999999997,0.3254042,-0.804901726,0.12273190000000003,0.1434023,0.5713385,0.19440169999999998,0.1287848,0.5326694999999999
4,0.1947999;1.612584;1.244928,0.1613652;1.646417;1.211446,0.2209687;1.64538;1.204638,0.1059078;1.630519;1.124936,0.2549165;1.627924;1.107917,-0.01193638;1.444315;1.126662,0.329666;1.445112;0.9849775,-0.01536556;1.125128;1.235733,0.3353567;1.252198;0.7225421,0.1191935;1.173086;1.439977,0.4028588;1.012389;0.7301138,0.09550874;0.8830134;0.997379,0.2647532;0.8975996;0.9987434,0.06934477;0.5100449;0.7269592,0.3038114;0.4956643;1.22199,0.03449437;0.5567427;0.3432226,0.2827482;0.1358112;1.365904,-0.01521806;0.4438872;0.1645381,0.3344525;0.125372;1.577406,0.1697302;1.009994;1.008634,0.1614547;1.114467;1.005795,0.1540801;1.231293;1.006793,0.1539718;1.353928;1.027353,0.2648135;1.227504;1.48361,0.1872326;1.243618;1.496671,0.1690741;1.177143;1.528429,0.3935506;0.8617524;0.7873984,0.4488838;0.9179903;0.7724136,0.4375251;0.9225811;0.6975325,0.02856457;0.463721;0.1790997,-0.04667445;0.4936244;0.1972755,0.2895077;0.127955;1.555143,0.3582774;0.09686011;1.521242,0.1801309;0;0.9980612,0.014668999999999988,1.612584,0.24686680000000005,-0.018765700000000024,1.646417,0.21338480000000004,0.04083779999999998,1.64538,0.20657680000000012,-0.07422310000000001,1.630519,0.12687479999999995,0.07478559999999998,1.627924,0.10985580000000006,-0.19206728,1.444315,0.12860080000000007,0.1495351,1.445112,-0.013083700000000031,-0.19549646,1.125128,0.2376718,0.1552258,1.252198,-0.2755191,-0.06093740000000002,1.173086,0.4419158000000001,0.2227279,1.012389,-0.26794739999999995,-0.08462216000000002,0.8830134,-0.0006821999999999662,0.08462230000000001,0.8975996,0.0006821999999999662,-0.11078613000000001,0.5100449,-0.27110199999999995,0.1236805,0.4956643,0.22392879999999993,-0.14563653000000001,0.5567427,-0.6548385999999999,0.1026173,0.1358112,0.3678428,-0.19534896000000002,0.4438872,-0.8335231,0.15432159999999998,0.125372,0.5793448000000001,-0.010400700000000013,1.009994,0.010572800000000049,-0.018676200000000004,1.114467,0.007733800000000013,-0.026050800000000013,1.231293,0.008731800000000067,-0.02615910000000002,1.353928,0.02929179999999998,0.08468259999999997,1.227504,0.4855488000000001,0.007101699999999989,1.243618,0.4986098000000001,-0.011056800000000006,1.177143,0.5303678000000001,0.21341969999999996,0.8617524,-0.21066279999999993,0.26875289999999996,0.9179903,-0.22564759999999995,0.2573942,0.9225811,-0.3005287,-0.15156633,0.463721,-0.8189615,-0.22680535000000002,0.4936244,-0.8007857,0.10937679999999997,0.127955,0.5570818,0.1781465,0.09686011,0.5231808
5,0.2270955;1.60636;1.440311,0.1944427;1.640263;1.406135,0.2540633;1.638145;1.39974,0.1392864;1.624059;1.319489,0.2883378;1.618765;1.303501,0.01757336;1.434476;1.312892,0.3622477;1.425404;1.177979,0.009103969;1.101776;1.379912,0.3674597;1.184782;0.9536198,0.1365421;1.075372;1.592478,0.4337548;0.9505587;1.007159,0.1331666;0.8749788;1.197393,0.3016555;0.8938725;1.186771,0.1087318;0.4547139;1.008455,0.3123087;0.4601587;1.343919,0.07380432;0.6273243;0.6625729,0.280915;0.0904597;1.457875,-0.00247024;0.5658034;0.4693543,0.352937;0.02367043;1.65253,0.2045923;1.003982;1.201411,0.1939706;1.108223;1.19793,0.1856078;1.224982;1.199045,0.1861631;1.347464;1.220487,0.2850527;1.082831;1.655402,0.2114871;1.112014;1.669022,0.1770244;1.045443;1.68076,0.4314061;0.8167275;1.097399,0.4840002;0.8708311;1.069909,0.4732651;0.8575935;0.9959714,0.04470308;0.574755;0.4840811,-0.02329092;0.6117831;0.5139346,0.3060731;0.03163433;1.636323,0.370743;0.01180422;1.588678,0.217411;0;1.192082,0.009684500000000013,1.60636,0.2482289999999998,-0.022968299999999997,1.640263,0.21405299999999983,0.0366523,1.638145,0.2076579999999999,-0.07812459999999999,1.624059,0.12740699999999983,0.07092679999999998,1.618765,0.11141899999999993,-0.19983763999999998,1.434476,0.12080999999999986,0.1448367,1.425404,-0.014102999999999977,-0.208307031,1.101776,0.18782999999999994,0.1500487,1.184782,-0.23846220000000007,-0.0808689,1.075372,0.400396,0.2163438,0.9505587,-0.18492300000000017,-0.0842444,0.8749788,0.005310999999999844,0.08424450000000003,0.8938725,-0.005311000000000066,-0.10867919999999999,0.4547139,-0.18362699999999998,0.0948977,0.4601587,0.151837,-0.14360668,0.6273243,-0.5295091000000001,0.06350400000000003,0.0904597,0.26579299999999995,-0.21988124,0.5658034,-0.7227277000000001,0.135526,0.02367043,0.46044799999999997,-0.012818699999999988,1.003982,0.00932899999999992,-0.0234404,1.108223,0.005847999999999853,-0.031803200000000004,1.224982,0.0069629999999998304,-0.031247899999999995,1.347464,0.028405000000000014,0.0676417,1.082831,0.46331999999999995,-0.005923899999999982,1.112014,0.4769399999999999,-0.040386599999999995,1.045443,0.48867799999999995,0.21399510000000002,0.8167275,-0.09468300000000007,0.26658919999999997,0.8708311,-0.12217300000000009,0.2558541,0.8575935,-0.19611060000000013,-0.17270792,0.574755,-0.7080009,-0.24070191999999999,0.6117831,-0.6781474000000001,0.0886621,0.03163433,0.4442409999999999,0.153332,0.01180422,0.39659599999999995
6,0.2532212;1.596917;1.632134,0.2210894;1.630078;1.596757,0.2806994;1.627034;1.590643,0.1660092;1.611722;1.510494,0.3150341;1.604112;1.495207,0.04007506;1.424343;1.492142,0.3876943;1.4;1.369794,0.02234714;1.084014;1.512772,0.4057789;1.11608;1.20128,0.1263188;0.9705722;1.70884,0.4679019;0.9090285;1.325347,0.1725764;0.8614895;1.379976,0.3384753;0.8905942;1.357868,0.1510004;0.4062039;1.308097,0.3581275;0.4513374;1.497811,0.110857;0.6412945;1.001878,0.2671605;0.07408059;1.504977,0.005327106;0.5859672;0.8212976,0.3613159;-0.03033817;1.671135,0.2363133;0.9945185;1.380724,0.2206503;1.098174;1.379631,0.2099628;1.21468;1.383631,0.2113374;1.336567;1.408202,0.2675979;0.9277883;1.774262,0.2006776;0.9674721;1.794159,0.1525143;0.9094555;1.785696,0.4573055;0.807781;1.450632,0.511465;0.8550438;1.414827,0.5114967;0.8199493;1.347554,0.05429366;0.5942312;0.828802,-0.007915735;0.6308967;0.8696815,0.3127139;-0.02485842;1.659727,0.3753251;-0.02304018;1.605672,0.2555258;0;1.368922,-0.0023046000000000455,1.596917,0.263212,-0.034436400000000034,1.630078,0.227835,0.025173599999999963,1.627034,0.22172100000000006,-0.08951660000000003,1.611722,0.14157200000000003,0.05950829999999996,1.604112,0.12628499999999998,-0.21545074000000003,1.424343,0.12322000000000011,0.13216849999999997,1.4,0.0008719999999999839,-0.23317866000000004,1.084014,0.14385000000000003,0.15025309999999997,1.11608,-0.16764200000000007,-0.12920700000000002,0.9705722,0.33991799999999994,0.21237609999999996,0.9090285,-0.04357499999999992,-0.08294940000000003,0.8614895,0.01105400000000012,0.08294949999999995,0.8905942,-0.011053999999999897,-0.10452540000000002,0.4062039,-0.06082499999999991,0.10260169999999996,0.4513374,0.12888900000000003,-0.14466880000000004,0.6412945,-0.3670439999999999,0.011634699999999998,0.07408059,0.13605500000000004,-0.250198694,0.5859672,-0.5476244,0.1057901,-0.03033817,0.30221300000000006,-0.01921250000000002,0.9945185,0.01180200000000009,-0.03487550000000003,1.098174,0.01070900000000008,-0.04556300000000002,1.21468,0.014709000000000083,-0.04418840000000002,1.336567,0.03927999999999998,0.012072099999999975,0.9277883,0.40534000000000003,-0.054848200000000014,0.9674721,0.4252370000000001,-0.10301150000000003,0.9094555,0.416774,0.20177969999999995,0.807781,0.08170999999999995,0.2559391999999999,0.8550438,0.045905000000000085,0.2559709,0.8199493,-0.021368000000000054,-0.20123214000000003,0.5942312,-0.5401199999999999,-0.263441535,0.6308967,-0.4992405,0.057188099999999964,-0.02485842,0.290805,0.1197993,-0.02304018,0.23675000000000002
7,0.2863612;1.587258;1.822641,0.2536852;1.61923;1.786673,0.3133204;1.616918;1.780485,0.1987017;1.59834;1.700926,0.3477897;1.592558;1.685455,0.07089658;1.414109;1.672399,0.4219979;1.381006;1.564798,0.03092548;1.07591;1.643607,0.4480583;1.062433;1.472594,0.1052492;0.9077691;1.811911,0.5013225;0.9200553;1.670113,0.2082386;0.8505549;1.560994,0.370634;0.8844213;1.5244,0.2047257;0.3961995;1.641405,0.3970872;0.4325811;1.614163,0.1475885;0.6139512;1.325227,0.2524796;0.0902043;1.502288,0.01693782;0.5171032;1.182576,0.3506394;-0.02086449;1.661595,0.2685631;0.9851523;1.558962,0.2510893;1.088493;1.56149,0.2402791;1.204842;1.568553,0.2432348;1.326196;1.595508,0.2312646;0.8341915;1.881027,0.1643427;0.873257;1.902107,0.1150115;0.8251683;1.870308,0.4700041;0.870539;1.820535,0.5306099;0.9014798;1.77789,0.5370104;0.844595;1.728086,0.0657326;0.5284721;1.17909,0.008965999;0.571009;1.222144,0.30187;-0.0167169;1.65034,0.3644515;-0.008703232;1.596816,0.2894363;0;1.542697,-0.0030750999999999973,1.587258,0.27994399999999997,-0.03575109999999998,1.61923,0.24397599999999997,0.02388410000000002,1.616918,0.2377880000000001,-0.09073459999999997,1.59834,0.15822899999999995,0.0583534,1.592558,0.14275799999999994,-0.21853972,1.414109,0.12970199999999998,0.1325616,1.381006,0.022100999999999926,-0.25851082,1.07591,0.10091000000000006,0.15862200000000004,1.062433,-0.07010300000000003,-0.1841871,0.9077691,0.26921400000000006,0.21188620000000002,0.9200553,0.12741599999999997,-0.08119769999999998,0.8505549,0.018297000000000008,0.08119770000000004,0.8844213,-0.018297000000000008,-0.08471059999999997,0.3961995,0.09870800000000002,0.1076509,0.4325811,0.07146600000000003,-0.14184779999999997,0.6139512,-0.21747000000000005,-0.036956699999999953,0.0902043,-0.04040899999999992,-0.27249848,0.5171032,-0.3601209999999999,0.06120310000000001,-0.02086449,0.11889799999999995,-0.02087319999999998,0.9851523,0.016264999999999974,-0.038346999999999964,1.088493,0.01879300000000006,-0.049157199999999984,1.204842,0.0258560000000001,-0.04620149999999998,1.326196,0.05281099999999994,-0.05817169999999999,0.8341915,0.33833,-0.12509359999999997,0.873257,0.35941,-0.1744248,0.8251683,0.3276110000000001,0.1805678,0.870539,0.27783800000000003,0.2411736,0.9014798,0.23519299999999999,0.24757410000000002,0.844595,0.18538900000000003,-0.22370369999999998,0.5284721,-0.363607,-0.280470301,0.571009,-0.3205530000000001,0.012433700000000047,-0.0167169,0.10764299999999993,0.0750152,-0.008703232,0.05411900000000003
8,0.3308481;1.582458;2.011371,0.2974114;1.613827;1.975571,0.3570337;1.612482;1.968986,0.2422059;1.591885;1.89023,0.3912619;1.588524;1.873767,0.114544;1.406918;1.850541,0.4729164;1.383073;1.764388,0.041738;1.085098;1.770003,0.5084521;1.049708;1.75463,0.09682289;0.8981594;1.925378,0.5412793;0.9922359;1.994925,0.2355834;0.8487629;1.755138,0.3952107;0.8727933;1.702223,0.2673018;0.4453711;1.976917,0.3934294;0.4118432;1.681285,0.1781855;0.553143;1.61485,0.2375846;0.106529;1.499228,0.03900605;0.4011022;1.5486,0.3424525;-0.006690264;1.653874,0.3030275;0.9795855;1.745321,0.2907603;1.08366;1.748317,0.2836494;1.200278;1.755638,0.2879838;1.321502;1.782988,0.2160127;0.8167872;1.997785,0.1447654;0.8492985;2.015558,0.1030207;0.8065005;1.968835,0.4876555;1.004381;2.146703,0.554999;1.016485;2.104663,0.5647126;0.9448191;2.081708,0.08563042;0.4112175;1.53291,0.03148517;0.4664737;1.562919,0.2934761;-0.004330993;1.643008,0.3552904;0.009446204;1.589766,0.315397;0;1.72868,0.015451099999999995,1.582458,0.282691,-0.01798559999999999,1.613827,0.24689099999999997,0.041636700000000026,1.612482,0.2403059999999999,-0.07319109999999998,1.591885,0.16155000000000008,0.07586490000000001,1.588524,0.14508699999999997,-0.20085299999999998,1.406918,0.121861,0.15751940000000003,1.383073,0.03570800000000007,-0.273659,1.085098,0.041323,0.19305509999999998,1.049708,0.025949999999999918,-0.21857411,0.8981594,0.19669800000000004,0.22588230000000004,0.9922359,0.26624500000000006,-0.07981359999999998,0.8487629,0.026458000000000093,0.07981370000000004,0.8727933,-0.026456999999999953,-0.048095200000000005,0.4453711,0.24823700000000004,0.0780324,0.4118432,-0.047395000000000076,-0.1372115,0.553143,-0.1138300000000001,-0.07781239999999998,0.106529,-0.229452,-0.27639094999999997,0.4011022,-0.18008000000000002,0.02705550000000001,-0.006690264,-0.07480599999999993,-0.012369499999999978,0.9795855,0.016640999999999906,-0.024636699999999956,1.08366,0.019636999999999905,-0.03174759999999999,1.200278,0.026958000000000037,-0.02741319999999997,1.321502,0.05430800000000002,-0.09938429999999998,0.8167872,0.2691049999999999,-0.1706316,0.8492985,0.28687799999999997,-0.21237629999999996,0.8065005,0.2401549999999999,0.17225850000000004,1.004381,0.41802300000000003,0.23960200000000004,1.016485,0.37598299999999996,0.24931560000000003,0.9448191,0.3530279999999999,-0.22976658,0.4112175,-0.19577,-0.28391183,0.4664737,-0.16576100000000005,-0.021920899999999965,-0.004330993,-0.08567199999999997,0.03989340000000002,0.009446204,-0.13891399999999998
9,0.3820019;1.586918;2.20066,0.3485287;1.618658;2.165223,0.4081071;1.617056;2.158306,0.2927526;1.597483;2.080059,0.4416985;1.593477;2.062765,0.167395;1.410097;2.025822,0.5326587;1.397727;1.969885,0.0622862;1.118829;1.896888,0.5795515;1.068674;2.017682,0.1086261;0.9284388;2.05092,0.5766488;1.095966;2.26541,0.2604502;0.8615329;1.957118,0.4180695;0.8647878;1.893842,0.3229634;0.53258;2.274607,0.3719201;0.4328004;1.738363,0.2107008;0.453814;1.911506,0.2329301;0.1439528;1.519507,0.09106918;0.2756786;1.942402,0.3268241;0.01982558;1.65599,0.3422507;0.9829553;1.939093,0.3402597;1.08777;1.940023,0.339287;1.204694;1.945657,0.3435228;1.326117;1.972127,0.2317543;0.8513906;2.121443,0.1580623;0.8778324;2.139313,0.1203627;0.8350523;2.089255,0.5011153;1.155379;2.395118,0.5745224;1.154032;2.362582,0.5845783;1.078873;2.365278,0.1357442;0.2811131;1.92011,0.07547569;0.3380992;1.922514,0.2784006;0.02124012;1.642743,0.342404;0.03765655;1.592947,0.3392599;0;1.92548,0.042742,1.586918,0.27518,0.009268800000000021,1.618658,0.23974300000000004,0.0688472,1.617056,0.23282599999999998,-0.04650730000000003,1.597483,0.1545789999999998,0.10243859999999999,1.593477,0.1372850000000001,-0.17186490000000001,1.410097,0.10034199999999971,0.19339880000000004,1.397727,0.04440500000000003,-0.2769737,1.118829,-0.028592000000000173,0.2402916,1.068674,0.09220200000000012,-0.2306338,0.9284388,0.12544,0.23738889999999996,1.095966,0.33993000000000007,-0.07880969999999998,0.8615329,0.03163799999999983,0.07880959999999998,0.8647878,-0.031638000000000055,-0.01629649999999999,0.53258,0.34912699999999997,0.03266019999999997,0.4328004,-0.18711699999999998,-0.1285591,0.453814,-0.013974000000000153,-0.1063298,0.1439528,-0.40597300000000014,-0.24819072,0.2756786,0.01692199999999988,-0.012435799999999997,0.01982558,-0.26949,0.0029908000000000157,0.9829553,0.013612999999999875,0.0009997999999999951,1.08777,0.014542999999999973,2.7100000000002122e-05,1.204694,0.02017699999999989,0.004262900000000014,1.326117,0.04664699999999988,-0.1075056,0.8513906,0.1959630000000001,-0.18119760000000001,0.8778324,0.21383299999999994,-0.21889720000000001,0.8350523,0.163775,0.16185540000000004,1.155379,0.469638,0.23526249999999999,1.154032,0.4371020000000001,0.2453184,1.078873,0.4397979999999999,-0.2035157,0.2811131,-0.005370000000000097,-0.26378421,0.3380992,-0.002966000000000024,-0.060859300000000005,0.02124012,-0.282737,0.003144099999999983,0.03765655,-0.3325330000000002
10,0.4176196;1.602266;2.395225,0.3843526;1.634509;2.36005,0.4439269;1.632638;2.353164,0.32853;1.614412;2.274655,0.4774656;1.609733;2.257442,0.2093857;1.425143;2.204974,0.5785835;1.420923;2.183042,0.08717567;1.16467;2.041238,0.6465194;1.098296;2.241819,0.1224849;0.9706351;2.193637,0.6065189;1.182656;2.472915,0.290611;0.8828955;2.155638,0.4487285;0.8733652;2.094267,0.3660253;0.5989106;2.511421,0.3697306;0.4945455;1.842927,0.2639436;0.3444745;2.236666,0.2636802;0.2210182;1.588791,0.183461;0.1845621;2.359482,0.3189747;0.05173433;1.662537,0.3821658;0.9973005;2.138642,0.3867539;1.102036;2.139307,0.3888065;1.218995;2.14382,0.3901327;1.340912;2.168241,0.2469327;0.8924183;2.26046,0.1730171;0.9172084;2.279721,0.1355796;0.8759649;2.228198,0.5052302;1.258663;2.573031,0.5829855;1.259192;2.55296,0.5985935;1.188009;2.574095,0.2265883;0.1870607;2.333867,0.155699;0.2249866;2.313328,0.2724774;0.065561;1.649532,0.3414291;0.08284998;1.607197,0.3696698;0;2.124952,0.04794979999999999,1.602266,0.270273,0.014682799999999996,1.634509,0.23509800000000025,0.07425710000000002,1.632638,0.22821200000000008,-0.041139800000000004,1.614412,0.14970300000000014,0.1077958,1.609733,0.13249000000000022,-0.16028409999999998,1.425143,0.08002200000000004,0.20891370000000004,1.420923,0.058089999999999975,-0.28249413,1.16467,-0.08371400000000007,0.2768496,1.098296,0.11686700000000005,-0.24718489999999999,0.9706351,0.06868499999999989,0.23684909999999998,1.182656,0.347963,-0.07905879999999998,0.8828955,0.030686000000000213,0.07905869999999998,0.8733652,-0.030685000000000073,-0.003644499999999995,0.5989106,0.38646899999999995,6.08000000000275e-05,0.4945455,-0.28202499999999997,-0.10572619999999999,0.3444745,0.11171400000000009,-0.10598960000000002,0.2210182,-0.5361609999999999,-0.18620879999999998,0.1845621,0.2345299999999999,-0.05069509999999999,0.05173433,-0.462415,0.012496000000000007,0.9973005,0.01368999999999998,0.01708409999999999,1.102036,0.014355000000000118,0.019136700000000006,1.218995,0.018867999999999885,0.020462900000000006,1.340912,0.04328900000000013,-0.12273709999999999,0.8924183,0.13550800000000018,-0.19665269999999999,0.9172084,0.15476899999999993,-0.2340902,0.8759649,0.10324599999999995,0.13556039999999997,1.258663,0.4480789999999999,0.21331570000000005,1.259192,0.42800800000000017,0.2289237,1.188009,0.44914299999999985,-0.1430815,0.1870607,0.20891500000000018,-0.2139708,0.2249866,0.18837599999999988,-0.09719240000000001,0.065561,-0.47541999999999995,-0.028240700000000007,0.08284998,-0.517755
11,0.4363688;1.620592;2.592639,0.403183;1.653382;2.557895,0.4627995;1.651836;2.551301,0.3478902;1.634712;2.471835,0.4969314;1.630847;2.455349,0.235814;1.443314;2.38876,0.6055053;1.444728;2.394128,0.1138604;1.196734;2.209123,0.6960832;1.125379;2.433408,0.1316946;0.9981854;2.35873,0.6266783;1.21701;2.654561,0.327771;0.9000663;2.350123,0.4904788;0.8924683;2.301887,0.3932306;0.6003876;2.694833,0.3957261;0.5510067;2.006349,0.331568;0.2436801;2.55481,0.3028277;0.3111951;1.715645,0.2914348;0.1446528;2.744125,0.3091905;0.1107961;1.666481,0.4193112;1.015424;2.341597,0.4226875;1.1202;2.342864,0.4228586;1.237208;2.346457,0.420363;1.359581;2.368382,0.2515581;0.9118183;2.423875,0.1782667;0.9385372;2.442941,0.1403638;0.9014544;2.388669,0.5064498;1.288586;2.73507,0.5846419;1.299174;2.720141,0.6091732;1.235324;2.752984,0.3320532;0.1428256;2.714644,0.2540275;0.1547519;2.689046,0.269405;0.1413294;1.669154,0.3455701;0.1634928;1.645635,0.4091249;0;2.326005,0.027243899999999988,1.620592,0.26663400000000026,-0.0059419,1.653382,0.23188999999999993,0.05367459999999996,1.651836,0.22529600000000016,-0.06123470000000003,1.634712,0.14583000000000013,0.08780650000000001,1.630847,0.12934400000000013,-0.17331090000000002,1.443314,0.06275500000000012,0.1963804,1.444728,0.06812299999999993,-0.29526450000000004,1.196734,-0.11688199999999993,0.2869583,1.125379,0.10740300000000014,-0.2774303,0.9981854,0.032725000000000115,0.2175534,1.21701,0.3285560000000003,-0.08135390000000003,0.9000663,0.024118000000000084,0.08135389999999998,0.8924683,-0.024118000000000084,-0.015894300000000028,0.6003876,0.36882800000000016,-0.013398799999999988,0.5510067,-0.3196559999999997,-0.07755690000000004,0.2436801,0.22880499999999993,-0.10629720000000004,0.3111951,-0.6103599999999998,-0.11769010000000002,0.1446528,0.41812000000000005,-0.09993440000000003,0.1107961,-0.6595239999999998,0.010186299999999981,1.015424,0.015592000000000272,0.01356259999999998,1.1202,0.01685900000000018,0.01373369999999996,1.237208,0.020452000000000137,0.011238099999999973,1.359581,0.04237700000000011,-0.1575668,0.9118183,0.0978699999999999,-0.2308582,0.9385372,0.11693599999999993,-0.2687611,0.9014544,0.06266400000000028,0.09732489999999994,1.288586,0.409065,0.17551700000000003,1.299174,0.39413600000000004,0.20004829999999996,1.235324,0.4269790000000002,-0.07707170000000002,0.1428256,0.38863899999999996,-0.1550974,0.1547519,0.36304099999999995,-0.1397199,0.1413294,-0.6568509999999999,-0.06355480000000002,0.1634928,-0.6803699999999999
12,0.4574792;1.624738;2.787848,0.4243992;1.658096;2.753547,0.484075;1.657008;2.747414,0.3699123;1.641001;2.666649,0.5191018;1.638281;2.651317,0.2621776;1.444404;2.575703,0.6313912;1.449554;2.595752,0.1481161;1.189647;2.403455,0.7354754;1.133089;2.608488,0.1554217;0.9942798;2.558052,0.6532726;1.199756;2.834143,0.3636657;0.9035489;2.548035,0.5305402;0.898274;2.516677,0.4124141;0.5543623;2.845709,0.4377834;0.562547;2.214022,0.4017686;0.166375;2.844489,0.3503707;0.4044387;1.870496,0.3938397;0.130301;3.058913,0.3358304;0.2392586;1.727857,0.4534338;1.020582;2.545917,0.4549642;1.125406;2.545034,0.4534353;1.242453;2.546219,0.4486349;1.365161;2.56576,0.2615805;0.8950736;2.628471,0.1904446;0.929074;2.643725,0.1522152;0.8968168;2.58667,0.5297992;1.260324;2.918674,0.607974;1.274108;2.906521,0.6334532;1.20792;2.933488,0.4315277;0.1237434;3.026371,0.3506576;0.1176564;3.008809,0.3003823;0.2702509;1.745327,0.3811776;0.2874091;1.74051,0.447103;0;2.532356,0.010376200000000002,1.624738,0.25549199999999983,-0.022703799999999996,1.658096,0.22119100000000014,0.036972000000000005,1.657008,0.21505799999999997,-0.07719069999999995,1.641001,0.134293,0.07199879999999997,1.638281,0.1189610000000001,-0.18492539999999996,1.444404,0.0433469999999998,0.18428820000000007,1.449554,0.06339600000000001,-0.29898689999999994,1.189647,-0.12890099999999993,0.28837240000000003,1.133089,0.07613199999999987,-0.2916813,0.9942798,0.02569599999999994,0.2061696,1.199756,0.301787,-0.08343729999999999,0.9035489,0.015679,0.08343720000000004,0.898274,-0.015679,-0.03468889999999997,0.5543623,0.31335299999999977,-0.009319599999999983,0.562547,-0.3183340000000001,-0.0453344,0.166375,0.31213299999999977,-0.0967323,0.4044387,-0.6618600000000001,-0.05326329999999996,0.130301,0.5265569999999999,-0.1112726,0.2392586,-0.8044990000000001,0.006330800000000025,1.020582,0.013561000000000156,0.007861200000000013,1.125406,0.012677999999999745,0.006332300000000013,1.242453,0.013862999999999737,0.0015319000000000305,1.365161,0.03340399999999999,-0.18552249999999998,0.8950736,0.09611499999999973,-0.25665839999999995,0.929074,0.11136899999999983,-0.2948878,0.8968168,0.05431399999999975,0.08269620000000005,1.260324,0.38631800000000016,0.16087100000000004,1.274108,0.3741650000000001,0.18635020000000008,1.20792,0.40113200000000004,-0.015575299999999959,0.1237434,0.4940150000000001,-0.09644539999999996,0.1176564,0.4764529999999998,-0.14672069999999998,0.2702509,-0.787029,-0.06592539999999997,0.2874091,-0.791846
13,0.480662;1.618407;2.981618,0.4478004;1.651971;2.947307,0.5075284;1.65106;2.941673,0.3940905;1.635463;2.859815,0.5434104;1.633187;2.845729,0.2881826;1.438204;2.766916,0.6572973;1.442442;2.789548,0.1886915;1.153326;2.63032,0.7632048;1.128398;2.753125,0.1910543;0.9614584;2.789389,0.6930785;1.133241;2.992251,0.3966061;0.8966346;2.745426,0.565789;0.8936574;2.730374,0.4294848;0.48935;2.959798,0.4914154;0.5096308;2.485611,0.4578298;0.1119865;3.046066,0.3824701;0.5205225;2.113238,0.4659375;0.09948665;3.263202,0.3572318;0.4086314;1.928243,0.4841112;1.01538;2.746871,0.4842212;1.120122;2.742403,0.4816115;1.237149;2.74103,0.4757401;1.359972;2.759526,0.2886343;0.8584833;2.866491,0.2179984;0.8951759;2.877133,0.1823328;0.8642516;2.817728,0.569666;1.15277;3.094465,0.6465065;1.174782;3.086719,0.6764343;1.105079;3.088473,0.5024633;0.09440058;3.229109,0.4224387;0.07569987;3.217627,0.3230878;0.4313193;1.957256,0.4028495;0.4524834;1.951286,0.4811976;0;2.7379,-0.0005356000000000249,1.618407,0.24371800000000032,-0.033397200000000016,1.651971,0.20940700000000012,0.026330799999999988,1.65106,0.20377300000000043,-0.08710709999999999,1.635463,0.12191500000000044,0.06221279999999996,1.633187,0.10782900000000017,-0.193015,1.438204,0.029016000000000375,0.17609969999999997,1.442442,0.05164800000000014,-0.2925061,1.153326,-0.10757999999999956,0.2820072,1.128398,0.015225000000000044,-0.2901433,0.9614584,0.05148900000000012,0.21188090000000004,1.133241,0.2543510000000002,-0.08459149999999999,0.8966346,0.007526000000000366,0.08459139999999998,0.8936574,-0.007525999999999922,-0.0517128,0.48935,0.22189800000000037,0.010217799999999999,0.5096308,-0.25228899999999976,-0.023367799999999994,0.1119865,0.3081660000000004,-0.09872750000000002,0.5205225,-0.6246619999999998,-0.015260099999999999,0.09948665,0.5253020000000004,-0.12396580000000001,0.4086314,-0.8096569999999998,0.002913600000000016,1.01538,0.008971000000000284,0.003023600000000015,1.120122,0.004503000000000146,0.0004139000000000226,1.237149,0.003130000000000077,-0.005457500000000004,1.359972,0.021626000000000367,-0.1925633,0.8584833,0.12859100000000012,-0.26319919999999997,0.8951759,0.13923300000000038,-0.29886480000000004,0.8642516,0.07982800000000001,0.0884684,1.15277,0.35656500000000024,0.16530889999999998,1.174782,0.3488190000000002,0.19523670000000004,1.105079,0.35057300000000025,0.021265699999999943,0.09440058,0.491209,-0.0587589,0.07569987,0.479727,-0.15810980000000002,0.4313193,-0.7806439999999997,-0.07834809999999998,0.4524834,-0.7866139999999997
14,0.5151466;1.610649;3.176327,0.4824166;1.64438;3.142055,0.5421324;1.643165;3.136351,0.4285212;1.628144;3.054625,0.5778111;1.625107;3.040365,0.3222968;1.430201;2.963476,0.6918637;1.435302;2.979487,0.2463861;1.113374;2.884373,0.7928823;1.131854;2.885067,0.244738;0.9277813;3.05073,0.7522605;1.037713;3.112244,0.4282383;0.8912287;2.931864,0.5980362;0.8861573;2.930748,0.4546711;0.4603297;3.094788,0.5581681;0.4574268;2.764864,0.490111;0.07994837;3.163367,0.4366023;0.5858247;2.419343,0.4843098;0.02813846;3.374672,0.4178265;0.5275654;2.210428,0.5167809;1.008992;2.939054,0.5182568;1.113689;2.93382,0.5163158;1.230728;2.932452,0.5103765;1.353393;2.951951,0.3493912;0.8330684;3.129136,0.2770945;0.8662649;3.1401,0.2419354;0.8313352;3.082646,0.6484387;1.005641;3.231626,0.7211794;1.038003;3.221114,0.7549819;0.9761385;3.193053,0.5234336;0.03249604;3.343484,0.4465902;0.009693623;3.322022,0.3825959;0.5329776;2.245809,0.4554076;0.5722299;2.244009,0.5131372;0;2.931306,0.00200940000000005,1.610649,0.24502099999999993,-0.030720599999999987,1.64438,0.21074899999999985,0.0289952,1.643165,0.2050449999999997,-0.08461599999999997,1.628144,0.12331899999999996,0.06467390000000006,1.625107,0.1090589999999998,-0.19084039999999997,1.430201,0.03216999999999981,0.1787265,1.435302,0.04818100000000003,-0.26675109999999996,1.113374,-0.046933000000000114,0.2797451000000001,1.131854,-0.04623900000000036,-0.26839919999999995,0.9277813,0.11942399999999997,0.23912330000000004,1.037713,0.18093799999999982,-0.08489889999999994,0.8912287,0.0005579999999998364,0.08489900000000006,0.8861573,-0.0005580000000002805,-0.058466099999999965,0.4603297,0.16348199999999968,0.045030899999999985,0.4574268,-0.16644199999999998,-0.02302619999999994,0.07994837,0.23206099999999985,-0.07653489999999996,0.5858247,-0.5119630000000002,-0.028827399999999948,0.02813846,0.4433659999999997,-0.09531069999999997,0.5275654,-0.7208780000000004,0.0036437000000000275,1.008992,0.007747999999999866,0.005119600000000002,1.113689,0.002513999999999683,0.0031786000000000314,1.230728,0.0011459999999998693,-0.0027606999999999493,1.353393,0.020645000000000024,-0.16374599999999995,0.8330684,0.19782999999999973,-0.23604269999999994,0.8662649,0.2087939999999997,-0.27120179999999994,0.8313352,0.1513399999999998,0.13530150000000007,1.005641,0.3003199999999997,0.20804220000000007,1.038003,0.28980799999999984,0.24184470000000002,0.9761385,0.26174699999999973,0.010296400000000094,0.03249604,0.41217799999999993,-0.06654699999999997,0.009693623,0.39071599999999984,-0.13054129999999997,0.5329776,-0.6854970000000002,-0.057729599999999937,0.5722299,-0.687297
15,0.5531697;1.601997;3.36726,0.5201185;1.635612;3.333182,0.579729;1.633961;3.326559,0.4647602;1.618897;3.246762,0.6137865;1.614769;3.230205,0.3585497;1.417771;3.159511,0.7283201;1.435134;3.164924,0.3083317;1.08471;3.14862,0.8203624;1.148692;3.017929,0.3199775;0.9185048;3.33399,0.8285056;0.9607916;3.181481,0.4576838;0.8870224;3.102167,0.6264882;0.8757045;3.117506,0.4777357;0.4601643;3.276257,0.6228473;0.4176541;3.061889,0.5271214;0.08196497;3.204317,0.5052251;0.6069221;2.744097,0.4838098;-0.0265795;3.387923,0.501501;0.5450659;2.53537,0.5492725;1.00138;3.1193,0.5541855;1.106043;3.115762,0.5539379;1.223102;3.116761,0.547644;1.3452;3.139441,0.4244824;0.8499476;3.436211,0.3519208;0.8843433;3.437097,0.3174265;0.8346273;3.391318,0.7545221;0.8727839;3.294797,0.8188978;0.9201039;3.286699,0.8548;0.8782306;3.234594,0.5267736;-0.02220476;3.362284,0.4504496;-0.01989484;3.329807,0.463692;0.5528963;2.567487,0.5382255;0.5886151;2.571283,0.542086;0;3.109837,0.01108370000000003,1.601997,0.25742299999999974,-0.021967499999999918,1.635612,0.22334499999999968,0.03764300000000009,1.633961,0.21672199999999986,-0.07732579999999994,1.618897,0.13692499999999974,0.07170050000000006,1.614769,0.12036800000000003,-0.18353629999999993,1.417771,0.049673999999999996,0.18623410000000007,1.435134,0.055086999999999886,-0.23375429999999997,1.08471,0.03878300000000001,0.2782764000000001,1.148692,-0.0919080000000001,-0.22210849999999993,0.9185048,0.22415299999999982,0.2864196,0.9607916,0.0716439999999996,-0.08440219999999998,0.8870224,-0.007670000000000066,0.0844022000000001,0.8757045,0.007668999999999926,-0.06435029999999997,0.4601643,0.16642,0.08076130000000004,0.4176541,-0.047948000000000324,-0.014964599999999995,0.08196497,0.0944799999999999,-0.036860899999999974,0.6069221,-0.3657400000000002,-0.058276199999999945,-0.0265795,0.2780859999999996,-0.04058499999999998,0.5450659,-0.5744670000000003,0.007186500000000096,1.00138,0.009462999999999777,0.01209950000000004,1.106043,0.005924999999999958,0.011851900000000026,1.223102,0.006923999999999708,0.005558000000000063,1.3452,0.029603999999999964,-0.11760359999999997,0.8499476,0.32637399999999994,-0.19016519999999998,0.8843433,0.3272599999999999,-0.22465949999999996,0.8346273,0.28148099999999987,0.21243610000000002,0.8727839,0.1849599999999998,0.27681180000000005,0.9201039,0.17686199999999985,0.31271400000000005,0.8782306,0.12475699999999978,-0.015312400000000004,-0.02220476,0.25244699999999964,-0.09163639999999995,-0.01989484,0.21997,-0.07839399999999996,0.5528963,-0.5423500000000003,-0.0038604999999999334,0.5886151,-0.538554
16,0.5885086;1.582536;3.556655,0.554427;1.614854;3.522339,0.6138632;1.613285;3.514285,0.4970376;1.59505;3.43792,0.6456282;1.591127;3.417784,0.3902932;1.394566;3.356747,0.7597646;1.415223;3.345,0.3668804;1.064027;3.416366,0.8345993;1.152124;3.152462,0.3939691;0.9484872;3.635542,0.8820695;0.9229041;3.238061,0.4878962;0.8684425;3.273547,0.6548249;0.8545486;3.301832,0.4914884;0.4275046;3.409481,0.6674176;0.4024642;3.393362,0.5286898;0.09506059;3.212641,0.5813567;0.5855577;3.062123,0.4841966;-0.01895577;3.392314,0.5873019;0.4701886;2.87752,0.5797181;0.9814262;3.297276,0.5861769;1.086029;3.294525,0.5865957;1.203046;3.2978,0.5801018;1.324311;3.324533,0.5022669;0.9078477;3.748194,0.4303352;0.9431162;3.742626,0.3929672;0.8836895;3.713828,0.8466698;0.7912182;3.324463,0.9019375;0.849423;3.321873,0.928741;0.8338066;3.252627,0.5274246;-0.01353145;3.367329,0.4514794;-0.01103264;3.333988,0.5486467;0.492592;2.900459,0.6279655;0.5153193;2.906583,0.5713606;0;3.287689,0.017148000000000052,1.582536,0.26896600000000026,-0.016933599999999993,1.614854,0.23465000000000025,0.04250260000000006,1.613285,0.22659600000000024,-0.07432299999999997,1.59505,0.15023100000000023,0.07426759999999999,1.591127,0.1300950000000003,-0.1810674,1.394566,0.06905800000000006,0.18840400000000002,1.415223,0.057311000000000334,-0.2044802,1.064027,0.12867700000000015,0.26323870000000005,1.152124,-0.13522699999999999,-0.17739149999999998,0.9484872,0.3478530000000002,0.31070889999999995,0.9229041,-0.04962799999999978,-0.0834644,0.8684425,-0.014141999999999655,0.08346430000000005,0.8545486,0.014143000000000239,-0.0798722,0.4275046,0.12179200000000012,0.09605700000000006,0.4024642,0.10567300000000035,-0.04267080000000001,0.09506059,-0.07504799999999978,0.009996099999999952,0.5855577,-0.2255659999999997,-0.08716400000000002,-0.01895577,0.10462499999999997,0.015941300000000047,0.4701886,-0.4101689999999998,0.008357500000000018,0.9814262,0.009587000000000234,0.014816300000000004,1.086029,0.006836000000000286,0.015235100000000057,1.203046,0.010111000000000203,0.008741200000000005,1.324311,0.03684400000000032,-0.06909370000000004,0.9078477,0.46050499999999994,-0.14102540000000002,0.9431162,0.45493700000000015,-0.17839339999999998,0.8836895,0.42613900000000005,0.27530920000000003,0.7912182,0.036774000000000306,0.33057689999999995,0.849423,0.034184000000000214,0.35738040000000004,0.8338066,-0.03506199999999993,-0.043935999999999975,-0.01353145,0.07963999999999993,-0.11988120000000002,-0.01103264,0.04629900000000031,-0.022713899999999954,0.492592,-0.38722999999999974,0.05660489999999996,0.5153193,-0.38110599999999994
17,0.6108472;1.575882;3.750689,0.5758809;1.607349;3.716472,0.63522;1.606474;3.707634,0.5176399;1.585818;3.633066,0.6659876;1.58363;3.610971,0.4084349;1.392269;3.567901,0.7762779;1.40594;3.529757,0.4044215;1.076827;3.682297,0.8370225;1.185596;3.290442,0.4483461;1.027221;3.922571,0.903634;0.9471434;3.319177,0.526764;0.854516;3.458122,0.6928369;0.8526264;3.493822,0.5147828;0.3935525;3.475039,0.7108385;0.4649475;3.743417,0.534658;0.1107641;3.209927,0.648347;0.5153906;3.363681,0.489444;0.00166887;3.389102,0.6796129;0.3281471;3.256895,0.6088769;0.9736993;3.486624,0.6090641;1.078525;3.485035,0.605295;1.195431;3.489809,0.5979629;1.316265;3.518225,0.5702398;1.035953;4.028098,0.4937817;1.059501;4.02112,0.4630847;0.9902928;4.016098,0.8884721;0.7962697;3.374556,0.9390957;0.8583834;3.379864,0.957391;0.8618599;3.306308,0.532897;0.006159961;3.364323,0.4572847;0.006681859;3.330147,0.6384223;0.3565869;3.260996,0.7163724;0.3836348;3.267133,0.6098005;0;3.475972,0.001046700000000067,1.575882,0.2747169999999999,-0.03391959999999994,1.607349,0.24049999999999994,0.02541950000000004,1.606474,0.23166200000000003,-0.09216059999999993,1.585818,0.15709399999999984,0.056187100000000045,1.58363,0.1349990000000001,-0.20136559999999998,1.392269,0.09192899999999993,0.1664774,1.40594,0.05378499999999997,-0.20537899999999998,1.076827,0.2063250000000001,0.22722200000000004,1.185596,-0.18552999999999997,-0.16145439999999994,1.027221,0.44659899999999997,0.2938335000000001,0.9471434,-0.15679500000000024,-0.08303649999999996,0.854516,-0.017850000000000144,0.08303640000000001,0.8526264,0.017850000000000144,-0.09501769999999998,0.3935525,-0.0009329999999998506,0.10103800000000007,0.4649475,0.26744499999999993,-0.0751425,0.1107641,-0.2660450000000001,0.03854650000000004,0.5153906,-0.11229099999999992,-0.12035649999999998,0.00166887,-0.08687000000000022,0.0698124,0.3281471,-0.21907699999999997,-0.0009235999999999134,0.9736993,0.010651999999999884,-0.0007363999999999704,1.078525,0.009062999999999821,-0.00450549999999994,1.195431,0.0138370000000001,-0.011837600000000004,1.316265,0.042253000000000096,-0.039560700000000004,1.035953,0.5521259999999999,-0.11601879999999998,1.059501,0.5451479999999997,-0.14671579999999995,0.9902928,0.5401260000000003,0.2786716,0.7962697,-0.10141599999999995,0.3292952,0.8583834,-0.09610800000000008,0.3475905,0.8618599,-0.16966400000000004,-0.07690350000000001,0.006159961,-0.11164899999999989,-0.15251579999999998,0.006681859,-0.14582499999999987,0.02862180000000003,0.3565869,-0.21497600000000006,0.10657190000000005,0.3836348,-0.20883900000000022
