Frame,Nose,EyeLeft,EyeRight,EarLeft,EarRight,ShoulderLeft,ShoulderRight,ElbowLeft,ElbowRight,WristLeft,WristRight,HipLeft,HipRight,KneeLeft,KneeRight,AnkleLeft,AnkleRight,ToesLeft,ToesRight,Spine,Spine1,Spine2,Spine3,LeftIndexFinger,ThumbLeft,PinkyLeft,RightIndexFinger,ThumbRight,PinkyRight,BigToeLeft,SmallToeLeft,BigToeRight,SmallToeRight,PlayerPosition
0,-0.01153476;1.644922;0.3305688,-0.04484048;1.676171;0.2945431,0.01491391;1.676008;0.2891228,-0.09795031;1.654418;0.2078344,0.05143586;1.65401;0.1942835,-0.2086941;1.462969;0.1662099,0.1593806;1.456432;0.1234942,-0.2932689;1.145721;0.2319923,0.2562083;1.179795;-0.0281781,-0.1697843;1.144638;0.4484921,0.2521871;0.9972038;0.1414285,-0.07015988;0.9021923;0.08054758,0.09656055;0.9223989;0.1061263,-0.09581484;0.4749956;-0.09196844,0.1432721;0.5288169;0.3424057,-0.09414573;0.1468491;-0.2992509,0.1406078;0.3110123;0.02115334,-0.1098253;0.0169664;-0.1353986,0.2052731;0.1212752;0.1040356,-0.002849572;1.031359;0.10389,-0.00983168;1.135942;0.1017162,-0.01671535;1.252802;0.1011557,-0.02218122;1.375811;0.1184989,-0.02133918;1.185165;0.497401,-0.09784319;1.195803;0.5193785,-0.1145308;1.122689;0.5309157,0.1529352;0.9306971;0.2499895,0.2302121;0.9512329;0.2425348,0.246544;0.9052808;0.1844061,-0.07085076;0.02480042;-0.1660897,-0.1508862;0.02638608;-0.1879371,0.1592284;0.1371735;0.09181076,0.2298469;0.1633925;0.05758972,0.01320032;0;0.09333698
1,-0.01012636;1.655965;0.4350665,-0.04340285;1.68845;0.400123,0.0163134;1.687963;0.3943148,-0.09722586;1.669497;0.3131971,0.05206473;1.66828;0.2986767,-0.2091927;1.474265;0.284161,0.1556653;1.467902;0.2199536,-0.2900458;1.159992;0.3647539,0.2483065;1.204354;0.04865444,-0.1462348;1.176958;0.5676143,0.2551841;1.01871;0.2148201,-0.05987689;0.9114919;0.1893931,0.1047185;0.9395963;0.2206467,-0.0890639;0.5058725;-0.0286388,0.1387992;0.5522342;0.4690534,-0.08894566;0.1851988;-0.2473103,0.1523124;0.2392692;0.2398823,-0.1019067;0.02389616;-0.126316,0.2088668;0.08851624;0.3840926,0.0003013071;1.043655;0.2153001,-0.009277862;1.148043;0.2137334,-0.01779208;1.264791;0.2126639,-0.02424904;1.388057;0.2276983,0.005346186;1.222472;0.5995845,-0.06900935;1.233954;0.627664,-0.08335832;1.161736;0.6459929,0.1620266;0.9470372;0.3254742,0.2386303;0.9687819;0.3150793,0.2526008;0.9252046;0.2545556,-0.06298333;0.03878415;-0.1543454,-0.1428553;0.04205573;-0.1765999,0.1636892;0.09981298;0.365286,0.2360741;0.1116499;0.327,0.02242078;0;0.2050199
2,0.008350352;1.668878;0.55541,-0.02556237;1.702634;0.522333,0.03402202;1.702273;0.5152926,-0.08118408;1.686867;0.4359046,0.06777697;1.685963;0.4183037,-0.1931635;1.488092;0.417842,0.1675212;1.484907;0.332549,-0.2722512;1.17729;0.5095481,0.2536993;1.230749;0.1469363,-0.1117757;1.205034;0.6982268,0.2713506;1.043802;0.310831,-0.05738088;0.9275728;0.3210958,0.1085213;0.9507483;0.3493382,-0.07988564;0.5337059;0.08176458,0.1477976;0.5488814;0.5726697,-0.08160842;0.2344444;-0.1653964,0.1510326;0.1773387;0.4604444,-0.08654549;0.03496879;-0.1194421,0.2019694;0.08164304;0.6463513,0.007104148;1.057824;0.3463148,-6.916933E-05;1.162405;0.3447961,-0.006328985;1.279274;0.3422979,-0.01183403;1.402954;0.3539184,0.0419374;1.252513;0.7119565,-0.02932371;1.265749;0.7465354,-0.04130601;1.194842;0.7707422,0.184609;0.967243;0.4234109,0.2599219;0.9921743;0.4109443,0.273745;0.9498484;0.3495055,-0.04866818;0.06182796;-0.138579,-0.1289862;0.07107341;-0.157261,0.1572367;0.08713591;0.62419,0.2301057;0.08330357;0.5851911,0.02557021;0;0.335217
3,0.0245518;1.674309;0.675334,-0.01055585;1.708992;0.6445414,0.04880691;1.70945;0.6358318,-0.06846642;1.696032;0.5591562,0.07994045;1.697177;0.5373822,-0.1781972;1.495012;0.5480645,0.1778654;1.496344;0.4449162,-0.2546151;1.186472;0.6469852,0.2600422;1.250235;0.2490181,-0.08245301;1.222476;0.8235802,0.2854069;1.065639;0.4145564,-0.05584088;0.9381501;0.4524682,0.111763;0.9550833;0.4743884,-0.06601189;0.5565122;0.193304,0.1511372;0.5381594;0.668143,-0.06695828;0.2865353;-0.08555177,0.1472152;0.1500886;0.6622583,-0.06278507;0.07719195;-0.1406576,0.183141;0.1133036;0.8701555,0.01438764;1.065886;0.4750749,0.009508794;1.170593;0.4731361,0.005263083;1.287512;0.469169,-5.495176E-05;1.411426;0.478059,0.07154553;1.271002;0.8239592,0.003067415;1.285013;0.8634999,-0.006552842;1.214848;0.8907316,0.203767;0.986005;0.5288062,0.2778387;1.013731;0.5148911,0.2920655;0.9718846;0.4532167,-0.02685747;0.112137;-0.1438819,-0.1084778;0.1257628;-0.1500423,0.1397727;0.114966;0.844882,0.2130538;0.09309447;0.8133067,0.02796104;0;0.4634284
4,0.03317115;1.668303;0.7899048,-0.003159333;1.703838;0.7616034,0.05589705;1.70519;0.7510907,-0.06359968;1.693697;0.6776013,0.08404128;1.697076;0.6513194,-0.1699236;1.490823;0.6677247,0.1822266;1.496835;0.5522261,-0.2422674;1.181044;0.7653049,0.2610296;1.25464;0.3511709,-0.06468326;1.219167;0.9359869,0.2921724;1.071528;0.5173712,-0.05117529;0.9376891;0.5729758,0.1173474;0.9521363;0.5887766,-0.05584569;0.5373818;0.3435215,0.1494919;0.5298879;0.7720515,-0.06098347;0.3498695;0.003724873,0.1481203;0.144057;0.8142606,-0.0631701;0.1584485;-0.1004646,0.1696596;0.1431544;1.026275,0.02178887;1.064464;0.5920522,0.01734314;1.169168;0.5891636,0.01345974;1.28607;0.5844011,0.006761666;1.409952;0.5928034,0.08936144;1.267229;0.9304495,0.02254127;1.281309;0.972709,0.01378339;1.211079;1.000064,0.2138942;0.9897759;0.6324741,0.2870611;1.019426;0.6177599,0.301696;0.9779736;0.5559147,-0.02641425;0.1923517;-0.09578288,-0.1077613;0.2087239;-0.09610152,0.1279451;0.1420461;0.9983292,0.201523;0.1113639;0.9761847,0.03308605;0;0.5808763
5,0.0395195;1.653397;0.9013743,0.002591439;1.689898;0.875152,0.06134361;1.69134;0.8630647,-0.06017078;1.682498;0.7925784,0.08670969;1.686104;0.7623603,-0.1643137;1.477542;0.7796975,0.1856142;1.488898;0.658202,-0.2331811;1.16363;0.867176,0.2648908;1.243134;0.4608177,-0.05583755;1.196904;1.039118,0.2981494;1.062003;0.6287692,-0.04486952;0.9278538;0.6866997,0.1240738;0.9415597;0.6980393,-0.04375664;0.5046962;0.502707,0.1470041;0.5175603;0.8786366,-0.05079614;0.4236695;0.1231889,0.1446182;0.130842;0.9116863,-0.06729531;0.2568817;-0.01595163,0.1655998;0.1313251;1.122789,0.02921786;1.054447;0.7023494,0.02433983;1.159084;0.6980653,0.02027572;1.275957;0.692775,0.0120199;1.399691;0.701921,0.09828293;1.244857;1.034901,0.03147118;1.257914;1.077501,0.02259628;1.186996;1.102979,0.2212849;0.9792742;0.7441264,0.2936461;1.010993;0.729746,0.3101676;0.9692642;0.6685656,-0.02745961;0.2847968;-0.003453612,-0.106419;0.3103083;-0.00370574,0.1238982;0.1298757;1.094839,0.1974332;0.09873712;1.073194,0.03960214;0;0.6923696
6,0.04461741;1.63324;1.008543,0.007524982;1.6705;0.9836538,0.0660544;1.671673;0.9705034,-0.05681024;1.665074;0.9021444,0.08951331;1.668006;0.8692687,-0.1610104;1.459745;0.8838118,0.1890769;1.472548;0.7633175,-0.2311892;1.141307;0.9547967,0.2745862;1.216812;0.5800827,-0.05839277;1.160744;1.133362,0.3046948;1.040672;0.7538364,-0.03802503;0.9106057;0.797463,0.1310282;0.9257213;0.8045918,-0.04260457;0.4687258;0.6646544,0.1545218;0.4994705;0.9797346,-0.04350507;0.480935;0.2767122,0.1409537;0.1117984;0.9664969,-0.09207239;0.3552596;0.1054713,0.1612357;0.06913459;1.172587,0.03543916;1.037972;0.8093198,0.02902864;1.142436;0.8032175,0.02452629;1.259251;0.7970847,0.01566701;1.382897;0.8068528,0.09616516;1.207362;1.136375,0.02785941;1.219913;1.176697,0.01741785;1.148435;1.199917,0.2239872;0.9595761;0.8677193,0.2960708;0.9930423;0.8561873,0.3172045;0.9497781;0.7975458,-0.04773542;0.3728651;0.1211752,-0.1211929;0.4099562;0.1318401,0.1196225;0.07255286;1.144677,0.1937913;0.04778588;1.117638,0.04650155;0;0.8010274
7,0.04748861;1.612947;1.112941,0.01044918;1.649874;1.087484,0.06894516;1.650615;1.074155,-0.05413079;1.64319;1.006262,0.09210926;1.645041;0.9729394,-0.1589963;1.438598;0.9811412,0.1933293;1.449504;0.8680829,-0.2332302;1.11591;1.028791,0.288843;1.179758;0.7095833,-0.07169483;1.11077;1.218532,0.3115003;1.009088;0.8898074,-0.02891673;0.8882744;0.9002804,0.1399307;0.9066691;0.9035143,-0.05336635;0.4318815;0.8368391,0.1684872;0.4843891;1.08731,-0.04029121;0.5037667;0.4556429,0.1322554;0.1088422;0.9962013,-0.1140421;0.4172279;0.2696947,0.162407;0.003446698;1.175232,0.04232306;1.017088;0.9098479,0.03320388;1.121346;0.9036729,0.02771563;1.238136;0.8978466,0.01891957;1.361707;0.9085668,0.08338237;1.153302;1.233113,0.01288242;1.166348;1.269287,-0.0007448122;1.09448;1.289448,0.2242169;0.9329918;1.002282,0.2965339;0.9668602;0.9937859,0.3220547;0.9208488;0.9391149,-0.0669983;0.4261945;0.2848212,-0.1341868;0.4695352;0.3070196,0.1198884;0.01101816;1.149597,0.1954717;0.004516184;1.116576,0.05550699;0;0.9018973
8,0.05557444;1.597136;1.21892,0.01864534;1.632994;1.191828,0.07730098;1.633675;1.179216,-0.0448545;1.623304;1.110059,0.1017847;1.625007;1.07853,-0.1528329;1.420845;1.076367,0.2028582;1.424354;0.976297,-0.2287399;1.094743;1.097089,0.308616;1.137687;0.8571569,-0.08647811;1.059553;1.298694,0.3185568;0.975745;1.046361,-0.02043793;0.8680775;1.000009,0.1480116;0.8900383;0.9991282,-0.05931766;0.409166;1.028392,0.1784468;0.4618387;1.168348,-0.04281267;0.5014966;0.65176,0.1280231;0.1190148;0.9934819,-0.1288188;0.4196661;0.4688896,0.1658373;-0.004564703;1.159003,0.04827386;0.9983767;1.007783,0.03728025;1.102502;1.002485,0.0319842;1.219368;0.9982148,0.02561708;1.342849;1.011406,0.06810072;1.093732;1.330438,-0.004820742;1.10637;1.361611,-0.02269882;1.033584;1.373435,0.2228944;0.9029888;1.154133,0.2951183;0.9379067;1.150465,0.3261335;0.8900284;1.100435,-0.08083602;0.4277714;0.481311,-0.1460049;0.4713842;0.5084485,0.1227033;0.003526151;1.134584,0.1981892;0.005185187;1.100751,0.0637868;0;0.9995685
9,0.06230031;1.585626;1.328567,0.02575395;1.620495;1.29972,0.08466258;1.62121;1.288351,-0.03591271;1.608173;1.21691,0.1113588;1.60996;1.188486,-0.1452283;1.407211;1.173083,0.2154475;1.408524;1.093235,-0.2148726;1.078027;1.15796,0.3290421;1.109574;1.015215,-0.09394259;1.014099;1.366312,0.3191077;0.9611824;1.215224,-0.01449174;0.85417;1.096832,0.1536507;0.878356;1.098027,-0.05002665;0.4132147;1.228029,0.1786995;0.4358977;1.226557,-0.04330622;0.4756162;0.8450021,0.1255799;0.1279644;0.9963301,-0.1337922;0.3620474;0.6822739,0.1667299;0.006137848;1.163092,0.05239099;0.9853452;1.105741,0.0425073;1.089622;1.101295,0.03859365;1.206599;1.099107,0.03423855;1.329762;1.115663,0.05496661;1.041029;1.422626,-0.02141743;1.047659;1.446512,-0.03910091;0.9740163;1.441904,0.212843;0.8914679;1.314759,0.2833775;0.9297266;1.317949,0.3228566;0.8800617;1.276331,-0.08587139;0.3748932;0.6900786,-0.1523053;0.4179165;0.714999,0.1233186;0.01334757;1.138889,0.1985719;0.01629114;1.104629,0.06957947;0;1.09743
10,0.06665871;1.580263;1.445279,0.03084621;1.614873;1.415226,0.09003498;1.615595;1.40542,-0.02858333;1.601875;1.330896,0.1193888;1.603681;1.306381,-0.1358963;1.40083;1.272348,0.2303277;1.406084;1.222361,-0.2005158;1.074049;1.220189,0.3486027;1.101674;1.171536,-0.09718985;0.9873651;1.429787,0.3106383;0.9749581;1.38278,-0.0104721;0.8501417;1.19676,0.1575694;0.8743539;1.202602,-0.03526858;0.4459808;1.418021,0.1752014;0.4169431;1.26075,-0.04072701;0.42879;1.030305,0.119612;0.1355061;0.9993079,-0.1296744;0.269204;0.911063,0.1622308;0.01153737;1.163697,0.05608647;0.981227;1.208852,0.05076043;1.085897;1.206224,0.04943564;1.202952;1.206597,0.04590055;1.325687;1.226235,0.04335412;1.013546;1.504836,-0.03492502;1.008337;1.521991,-0.04453263;0.9363131;1.500138,0.1912361;0.9185532;1.47563,0.2621474;0.9554724;1.483217,0.3045412;0.9008183;1.452025,-0.08215398;0.2852929;0.9133632,-0.1497453;0.3316408;0.9263551,0.1186805;0.01872027;1.139737,0.1937901;0.02272594;1.105269,0.07354861;0;1.199681
11,0.07277735;1.588631;1.565402,0.03808495;1.623376;1.534211,0.09753373;1.623648;1.526101,-0.01899833;1.610472;1.448262,0.1296236;1.611153;1.427987,-0.122568;1.409969;1.372797,0.2465999;1.415822;1.357592,-0.1920981;1.09157;1.290808,0.3655577;1.108535;1.322431,-0.1048464;0.9891027;1.500592,0.2956811;1.010913;1.540856,-0.007526264;0.8601655;1.308146,0.160802;0.8827736;1.311717,-0.02320079;0.4873987;1.579653,0.1717764;0.4223134;1.283921,-0.03410024;0.3697498;1.209938,0.1130388;0.1533419;1.010328,-0.1174333;0.1754022;1.155952,0.1541619;0.02445352;1.165113,0.0604244;0.9905025;1.32058,0.06090632;1.095338;1.319953,0.06279884;1.212366;1.322108,0.06041956;1.334876;1.343266,0.03002033;1.01374;1.585883,-0.0485152;1.002085;1.59794,-0.05254913;0.9328552;1.567147,0.1633318;0.9747627;1.625923,0.2367026;1.005347;1.637341,0.2758644;0.9443109;1.61502,-0.0703652;0.1925741;1.15248,-0.1392634;0.2385671;1.147665,0.1106554;0.03196412;1.141173,0.1858146;0.03615654;1.106837,0.07663785;0;1.309931
12,0.08186566;1.610412;1.685948,0.04833927;1.645295;1.653656,0.1079621;1.644798;1.646958,-0.006846674;1.632331;1.566486,0.1422105;1.631087;1.54974,-0.1060961;1.432614;1.476566,0.2626634;1.433815;1.493398,-0.1839958;1.126155;1.368323,0.3803362;1.124968;1.469745,-0.1163254;1.010831;1.578663,0.2797825;1.057248;1.687518,-0.003944196;0.8829525;1.427613,0.1647805;0.9022466;1.42337,-0.0152538;0.5262034;1.72005,0.1659773;0.4543934;1.312272,-0.0243469;0.3005358;1.404391,0.1048299;0.1925479;1.032367,-0.09702682;0.09585166;1.426383,0.1413656;0.04924673;1.162487,0.06709635;1.011822;1.43789,0.07213227;1.116534;1.438846,0.07654461;1.233476;1.441869,0.07586312;1.355901;1.463631,0.01645883;1.024459;1.66951,-0.06298365;1.016731;1.678354,-0.06964106;0.949126;1.644553,0.1368739;1.034945;1.759207,0.2102899;1.062352;1.776756,0.2478191;0.9977589;1.763467,-0.05084897;0.1129654;1.416531,-0.1219226;0.1503187;1.395584,0.0980555;0.05930859;1.139135,0.1733435;0.06451511;1.105222,0.08041812;0;1.425492
13,0.08898312;1.641142;1.804535,0.05621672;1.67591;1.771351,0.1159208;1.674821;1.7655,0.002144061;1.662346;1.683576,0.1514043;1.659622;1.668948,-0.09336323;1.463066;1.584673,0.2731001;1.45709;1.626874,-0.1734224;1.168058;1.452828,0.3909508;1.148756;1.612022,-0.1291912;1.040515;1.662347,0.2655755;1.102989;1.822519,0.00255385;0.9135402;1.548119,0.1716786;0.9274044;1.540189,-0.009435594;0.5481428;1.829647,0.1615311;0.5021719;1.361328,-0.01069759;0.22664;1.6122,0.1010317;0.2423386;1.079414,-0.06643938;0.03674757;1.704538,0.1305615;0.0770784;1.165498,0.07795732;1.039959;1.557727,0.08325678;1.144635;1.560151,0.0872269;1.261588;1.563307,0.08732197;1.384036;1.584957,-0.0002761334;1.038379;1.759542,-0.08042319;1.03729;1.764472,-0.09121858;0.9720918;1.727191,0.1152727;1.085929;1.878889,0.1863475;1.114896;1.902518,0.2247897;1.049586;1.898764,-0.02168414;0.05324692;1.688819,-0.09524588;0.07494009;1.65714,0.08743308;0.09344858;1.145641,0.1623031;0.1015105;1.111363,0.08711623;0;1.544154
14,0.09415764;1.671861;1.921333,0.06200114;1.706356;1.887279,0.1217423;1.704639;1.881984,0.008586846;1.691799;1.799261,0.1579399;1.687506;1.786024,-0.08468474;1.491793;1.694708,0.2787533;1.480498;1.756946,-0.1587724;1.205157;1.543841,0.3976601;1.173391;1.748025,-0.1359536;1.06914;1.751447,0.2550192;1.140562;1.949763,0.01282817;0.9447693;1.666252,0.1826381;0.9491795;1.664405,-0.0002793297;0.5511595;1.906702,0.1583206;0.5498482;1.434492,0.00728678;0.1714876;1.826447,0.1035163;0.2917408;1.149841,-0.031861;0.02029544;1.979191,0.1163166;0.09509736;1.157981,0.0947716;1.066754;1.679081,0.09554517;1.171535;1.682475,0.09582466;1.288574;1.684813,0.09539744;1.411157;1.705675,-0.01642811;1.053038;1.858801,-0.09665728;1.055923;1.856801,-0.1071818;0.9942645;1.813851,0.1003023;1.125723;1.993376,0.1689647;1.156319;2.021631,0.207639;1.091118;2.024857,0.01130329;0.03408438;1.957533,-0.06384967;0.03768498;1.922539,0.07520902;0.1230076;1.150667,0.1502904;0.1389134;1.119759,0.09773315;0;1.665328
15,0.1023317;1.685287;2.036839,0.07102036;1.719546;2.001775,0.130762;1.716709;1.99699,0.01802789;1.703924;1.913684,0.1673818;1.696831;1.901721,-0.0749081;1.504565;1.804173,0.2852334;1.48819;1.882756,-0.144866;1.224798;1.639832,0.4060243;1.18244;1.875002,-0.1379868;1.086265;1.846914,0.2541401;1.156934;2.070969,0.02418059;0.9592389;1.779436,0.1937819;0.9549059;1.78809,0.0146195;0.551972;1.996137,0.1566306;0.5761742;1.527133,0.02935544;0.1650225;2.022632,0.1063214;0.3421509;1.221599,0.01092513;0.06760144;2.217361,0.098038;0.1437714;1.144115,0.1113245;1.076833;1.797797,0.1076409;1.181548;1.801313,0.1046319;1.298566;1.802582,0.1041011;1.421147;1.823453,-0.02867702;1.060462;1.962914,-0.1083227;1.066053;1.954291,-0.1167962;1.007203;1.907151,0.09757195;1.141271;2.107034,0.164478;1.172876;2.138239,0.2034945;1.108082;2.144299,0.05167658;0.07712394;2.189595,-0.02481873;0.06358397;2.160429,0.06088337;0.176612;1.152073,0.1391766;0.1960613;1.133705,0.1089813;0;1.783763
16,0.1136965;1.682343;2.151947,0.0833617;1.716394;2.115837,0.1430455;1.712066;2.111465,0.03047044;1.699719;2.027878,0.1796798;1.688898;2.016948,-0.06403641;1.50274;1.913751,0.2933446;1.479215;2.002884,-0.1337125;1.228185;1.74088,0.4118386;1.172931;1.987616,-0.1366761;1.086897;1.946186,0.2589818;1.143981;2.182344,0.03429633;0.9551162;1.887946,0.2034568;0.9495834;1.90252,0.02501922;0.5601373;2.126321,0.1594205;0.5719593;1.641029,0.04025121;0.1754609;2.175727,0.1112792;0.4096757;1.29175,0.04883302;0.12121;2.387291,0.1004657;0.2267918;1.183992,0.1215937;1.072115;1.909159,0.1168118;1.176787;1.912619,0.1130349;1.293783;1.913849,0.113429;1.415947;1.937042,-0.03193989;1.055682;2.065041,-0.1110895;1.063553;2.053977,-0.1195086;1.005999;2.005255,0.1025808;1.123814;2.216863,0.1685326;1.156121;2.249353,0.208991;1.092101;2.254025,0.08584582;0.1281016;2.354051,0.009120367;0.1018414;2.33647,0.06435425;0.2602746;1.193851,0.1447946;0.2774765;1.184966,0.1188766;0;1.895233
17,0.1270559;1.671449;2.268446,0.09731225;1.70495;2.231344,0.1569065;1.699427;2.227097,0.04407797;1.68662;2.143923,0.1930635;1.672813;2.133307,-0.05305406;1.493118;2.02668,0.3031855;1.463423;2.119206,-0.1278289;1.219945;1.85349,0.4179775;1.156374;2.089403,-0.1339848;1.074269;2.055634,0.2700031;1.110097;2.284555,0.04087193;0.9444335;1.997635,0.2097344;0.936866;2.01456,0.0315866;0.5497581;2.236512,0.166101;0.5450047;1.774858,0.04578435;0.1648441;2.284351,0.1236854;0.4791913;1.394702,0.06823225;0.1281857;2.498713,0.1048468;0.3196703;1.254052,0.1293855;1.060497;2.01895,0.125259;1.165223;2.021492,0.1218448;1.282229;2.022815,0.1234477;1.403701;2.049349,-0.02698088;1.039598;2.171473,-0.106165;1.049579;2.162568,-0.1173629;0.9925757;2.113757,0.1150556;1.082039;2.320102,0.180242;1.11509;2.353379,0.2231768;1.052533;2.353998,0.1030443;0.1342983;2.463032,0.02708608;0.1028334;2.451816,0.07013018;0.3518285;1.270872,0.1510852;0.3675618;1.26422,0.1253032;0;2.006098
18,0.1391101;1.654738;2.380686,0.1092332;1.687473;2.343011,0.1687628;1.681541;2.338426,0.05520123;1.66728;2.256495,0.2040254;1.652449;2.245031,-0.04336458;1.476239;2.138023,0.3134229;1.44554;2.229202,-0.1277066;1.199187;1.975586,0.4283687;1.139943;2.183071,-0.1291972;1.052889;2.17737,0.2891123;1.06573;2.376002,0.04487847;0.9291689;2.108224,0.2132267;0.9177397;2.127884,0.03316653;0.5225747;2.32608,0.1808402;0.5080053;1.918157,0.04640724;0.1363024;2.361679,0.1430633;0.5416979;1.533337,0.06086111;0.08495033;2.573771,0.1251336;0.4184397;1.358692,0.1359449;1.043384;2.128753,0.1336975;1.148198;2.128924,0.1311563;1.265233;2.129248,0.1333743;1.386173;2.15807,-0.01654358;1.01815;2.287701,-0.09578492;1.030372;2.283176,-0.1115781;0.9723912;2.236851,0.1365637;1.028982;2.413925,0.2013992;1.062406;2.447515,0.2467598;1.001774;2.442671,0.09695326;0.09194237;2.539554,0.02019439;0.06443;2.52417,0.09005126;0.4447346;1.383189,0.1705474;0.4635318;1.37965,0.1290526;0;2.118054
19,0.1541696;1.633025;2.488791,0.1238575;1.665166;2.450953,0.1833177;1.659076;2.445718,0.06871521;1.643603;2.365474,0.2173658;1.62838;2.352387,-0.03128603;1.453571;2.248554,0.3275813;1.424618;2.333454,-0.129511;1.170317;2.106321,0.4415363;1.12071;2.27059,-0.1202488;1.026816;2.309897,0.3173487;1.010717;2.456604,0.04757924;0.9102383;2.21039,0.2149679;0.8937501;2.234212,0.04050477;0.4969746;2.415525,0.2115942;0.4639363;2.066386,0.05230277;0.1090323;2.418777,0.1636118;0.5820072;1.699772,0.04544522;0.0009797812;2.608616,0.162896;0.4864489;1.506637,0.1415668;1.021696;2.232823,0.1436147;1.126514;2.232802,0.1435313;1.243576;2.233296,0.1465268;1.364107;2.263719,-0.002234563;0.9954832;2.415545,-0.08127423;1.009668;2.414804,-0.1011975;0.9495164;2.373066,0.1682045;0.9673225;2.500565,0.2344761;0.9991537;2.532874,0.280471;0.9402287;2.519851,0.08399628;0.009664536;2.577621,0.004381463;0.002770483;2.555272,0.1250493;0.5068126;1.532623,0.2044896;0.5293853;1.537643,0.1312736;0;2.222301
20,0.1632071;1.611072;2.593661,0.1324184;1.642741;2.555809,0.1917676;1.63635;2.549741,0.07586852;1.620074;2.471544,0.2242416;1.604096;2.456374,-0.02609935;1.429592;2.359509,0.3361455;1.405073;2.431361,-0.1367959;1.136537;2.249933,0.4407855;1.098904;2.355412,-0.1136562;1.001597;2.458206,0.3437789;0.9501901;2.530329,0.05009236;0.8887981;2.303871,0.2168257;0.871733;2.331567,0.03326733;0.476511;2.510398,0.248091;0.4245188;2.222303,0.04430532;0.09515333;2.439031,0.1886207;0.5983989;1.880429,0.04735053;-0.02294385;2.621722,0.2067881;0.5069828;1.685189,0.1436939;0.9998276;2.329772,0.1491423;1.104499;2.332061,0.1507762;1.221521;2.334704,0.1537334;1.341576;2.366956,0.01037088;0.9751441;2.558146,-0.06829056;0.9909831;2.561393,-0.09192112;0.92851;2.525394,0.2015105;0.8978114;2.585789,0.2707701;0.9272854;2.613779,0.3156047;0.8716211;2.588311,0.08445434;-0.01185566;2.589743,0.00421463;-0.01970547;2.57011,0.1661063;0.5241652;1.709107,0.2434467;0.5514575;1.720019,0.1334591;0;2.317719
21,0.1670094;1.597324;2.687986,0.1354109;1.628545;2.65043,0.1948184;1.623202;2.643934,0.07867598;1.605103;2.566502,0.2271948;1.591747;2.550261,-0.02409123;1.413242;2.463246,0.341767;1.393342;2.516882,-0.1375542;1.106991;2.40179,0.4336041;1.084256;2.431383,-0.09960638;0.991475;2.619362,0.3686944;0.9105704;2.597943,0.05458003;0.8731555;2.402137,0.2218218;0.8590474;2.428394,0.03378317;0.4531151;2.592007,0.2745171;0.4020808;2.392042,0.04772989;0.100587;2.43021,0.2127387;0.5847987;2.055224,0.04691216;-0.009458899;2.617968,0.2537143;0.4710066;1.87502,0.1465522;0.9858952;2.426438,0.1540023;1.090461;2.4277,0.1565256;1.207464;2.430496,0.1584708;1.327833;2.461633,0.03133728;0.9712582;2.711642,-0.04639317;0.9899298;2.719284,-0.07437728;0.92493;2.691913,0.2403589;0.8454625;2.671091,0.3124861;0.8754473;2.689735,0.3538802;0.8250974;2.650893,0.0844934;-0.0004869699;2.585882,0.00427942;-0.007612169;2.565871,0.2101872;0.4883922;1.89306,0.2847409;0.5213533;1.907231,0.138201;0;2.415266
22,0.1684515;1.60124;2.778465,0.136149;1.631659;2.74085,0.1957757;1.628513;2.734954,0.08118493;1.606988;2.656101,0.2302516;1.599124;2.64136,-0.02293019;1.415472;2.567755,0.3460085;1.39967;2.598568,-0.1284986;1.099628;2.551249,0.4348372;1.092427;2.503433,-0.0743614;1.012295;2.778326,0.3945592;0.9143475;2.673103,0.06002143;0.8730713;2.505958,0.2286997;0.8627805;2.523279,0.04072718;0.430134;2.63383,0.2910807;0.4090688;2.57959,0.05037752;0.09982824;2.430228,0.2365238;0.539807;2.218231,0.04456794;-0.004598498;2.620991,0.2995528;0.3863488;2.077602,0.1505502;0.9878684;2.525599,0.1580999;1.092434;2.525424,0.1609146;1.209438;2.527891,0.1617016;1.330728;2.555278,0.0621511;1.005521;2.864285,-0.01491775;1.026034;2.873699,-0.04465176;0.9578303;2.858819,0.2775858;0.8472612;2.761851,0.3524572;0.874968;2.770547,0.3860427;0.8262492;2.723052,0.08269764;0.002324164;2.589045,0.002503738;-0.003078759;2.568423,0.2535684;0.403417;2.088392,0.3238985;0.4462515;2.096416,0.1443606;0;2.514618
23,0.1604012;1.617987;2.870975,0.1271087;1.648082;2.833968,0.1868041;1.647005;2.828028,0.07294895;1.623333;2.748725,0.2221876;1.620638;2.733873,-0.03217901;1.430212;2.676801,0.338509;1.424333;2.6831,-0.1233886;1.108864;2.695092,0.432978;1.122753;2.576636,-0.04632814;1.054649;2.925839,0.4114564;0.9474337;2.752483,0.07104093;0.8830057;2.611521,0.2398771;0.8826342;2.630296,0.03988446;0.4237117;2.643071,0.3027428;0.4476261;2.770769,0.05818573;0.1021727;2.426445,0.2606185;0.473345;2.385784,0.04845321;-0.0008027554;2.615968,0.3302892;0.2813871;2.310521,0.1545303;1.002942;2.631634,0.1578773;1.107707;2.62963,0.1578085;1.224767;2.630545,0.1551582;1.347071;2.652835,0.09474807;1.068264;3.003186,0.01704013;1.08499;3.014621,-0.008554846;1.013662;3.010818,0.3016847;0.8817335;2.850938,0.3775906;0.907868;2.853014,0.4057084;0.8589997;2.802234,0.08696548;0.0046615;2.584199,0.006818816;0.0007634759;2.563061,0.2836102;0.2993534;2.315061,0.3520057;0.3449427;2.305619,0.155459;0;2.620909
24,0.1598732;1.634069;2.97345,0.1258757;1.66448;2.937353,0.1855407;1.664479;2.931023,0.07155535;1.640848;2.851895,0.2207181;1.640845;2.836069,-0.03687742;1.449733;2.796906,0.3330306;1.444774;2.772877,-0.1241997;1.130296;2.845982,0.4284486;1.15413;2.643456,-0.02045894;1.105836;3.071284,0.4187766;0.9752887;2.81679,0.08100268;0.8950672;2.723795,0.2498152;0.9040466;2.740528,0.04817708;0.4426254;2.63932,0.3108028;0.4928059;2.940723,0.06215213;0.1167009;2.429018,0.2838796;0.3946358;2.566174,0.04903352;0.0107879;2.613685,0.3562893;0.1896994;2.572214,0.1579713;1.019455;2.742853,0.1568634;1.124247;2.739952,0.1539799;1.241274;2.739613,0.150052;1.364095;2.758628,0.1256389;1.136249;3.132936,0.04826226;1.14903;3.150215,0.02773358;1.07619;3.155705,0.3153214;0.9103501;2.922334,0.3921993;0.933243;2.918498,0.413524;0.885286;2.863701,0.08767043;0.0150528;2.581884,0.007419243;0.01376235;2.560823,0.3093603;0.2073491;2.569304,0.3772204;0.2464816;2.542674,0.1654089;0;2.732161
